Filename,Description,Keywords,Categories,Editorial,Mature content,illustration
1.eps,"A red sports car with a sleek design, ready to speed off the starting line. With its vibrant red color and streamlined body, this car is sure to turn heads on the track. The image showcases the car's front end, highlighting its bold features and dynamic presence.","sports car, red car, fast car, car, automobile, vehicle","Transportation, Interiors",no,no,yes
2.eps,"Vector graphic of a vintage blue car with teal body, white accents, and distinctive headlights and grill.","vintage, car, automobile, classic, vehicle, transportation, blue, teal, graphic, illustration, design, retro, antique, transportation, wheel, automotive, headlight, grill, bumper, style","Vintage, Transportation",no,no,yes
3.eps,"Modern orange car illustration featuring sleek design and vibrant color, showcasing a stylish vector graphic representation of an automobile with detailed elements.","car, orange, vector, illustration, graphic, design, automobile, vehicle, transportation, transportation design, automotive, car design, modern, vibrant, color, sleek, technology, wheels, bumper, headlights","Interiors, Transportation",no,no,yes
4.eps,"Stylized vector illustration of a modern dark gray car featuring a sleek silver grill and orange headlights, representing contemporary automotive and transportation design concepts.","car, vehicle, automotive, transportation, design, illustration, graphic, modern, sleek, silver, grill, headlights, orange, dark, gray, front, automobile, technology, luxury, sedan, icon, symbol","Transportation, Interiors",no,no,yes
5.eps,"A sleek and luxurious illustration of a Rolls-Royce car's front view, showcasing its distinctive design elements and premium features.","luxury, car, Rolls-Royce, front view, automotive, design, transportation, vehicle, graphic, illustration","Transportation, Interiors",no,no,yes
6.eps,"Vibrant vector illustration of a monster truck featuring large tires and a bold red body, perfect for offroad enthusiasts and automotive design inspiration.","truck, monster, vehicle, red, offroad, car, automobile, transportation, graphic, illustration, design, tires, wheels, automotive, racing, adventure, extreme, sport, power, speed, offroading, rugged, graphicdesign, vectorart, automotivedesign","Transportation, Interiors",no,no,yes
7.eps,"A yellow car is depicted in a flat design style, showcasing a prominent front grill and headlights in a clean vector graphic illustration.","car, vehicle, yellow, illustration, graphic, design, automobile, transportation, luxury, modern, sleek, front, grill, headlights, vector, automotive, transport, wheel, bumper","Transportation, Interiors",no,no,yes
8.eps,"A blue car with a vintage style, illustrated in a graphic design.","car, blue, vintage, retro, vehicle, automobile, graphic, illustration, design","Vintage, Transportation",no,no,yes
9.eps,Dynamic green liquid splash forming a circular shape in a vibrant vector graphic illustration.,"splash, liquid, green, circular, vector, graphic, illustration, design, fluid, dynamic, abstract, vibrant, color, shape, art, creative, motion, energy, freshness","Abstract, Industrial",no,no,yes
10.eps,"A detailed vector illustration of a blue disposable surgical face mask, showcasing its three-ply design and elastic ear straps, emphasizing hygiene and safety.","mask, face, surgical, blue, medical, protection, hygiene, safety, disposable, health, care, protection, equipment, prevention, filter, virus, hospital, clinic, white, elastic, straps","Healthcare/Medical, Objects",no,no,yes
11.eps,"Blue disposable face mask with white elastic straps, featuring a breathable design for protection against airborne pathogens and pollution, suitable for healthcare and everyday use.","mask, face, protection, blue, disposable, medical, healthcare, hygiene, safety, protection, healthcare, prevention, pollution, virus, bacteria, filter, breathable, elastic, strap, white, clean","Healthcare/Medical, Interiors",no,no,yes
12.eps,"Vector graphic illustration of a light blue disposable face mask with white trim and elastic ear strap, symbolizing protection and hygiene.","mask, face, protection, blue, disposable, medical, healthcare, safety, hygiene, prevention, virus, filter, breathable, strap, elastic, trim, white, clean, vector, graphic, illustration, design, health, wellness","Healthcare/Medical, Interiors",no,no,yes
13.eps,"Vector illustration of a black face mask with an elastic strap, showcasing a sleek design for health and safety.","mask, face, protection, black, health, safety, hygiene, medical, cover, prevention, virus, covid, pandemic, strap, elastic, design, fashion, accessory, vector, illustration","Healthcare/Medical, Beauty/Fashion",no,no,yes
14.eps,"Vector graphic illustration of a black face mask with elastic straps, providing a secure and comfortable fit for health and safety protection.","mask, face, protection, black, elastic, straps, hygiene, safety, health, medical, prevention, virus, covid, respirator, protection, accessory, fashion, design, style, material, fabric, textile, equipment, wearable","Healthcare/Medical, Beauty/Fashion",no,no,yes
15.eps,White KN95 face mask with adjustable straps and multiple layers for effective filtration and protection.,"mask, face, protection, safety, health, kn95, filter, respirator, hygiene, medical, prevention, pollution, white, strap, adjustable, layer, filtration, airborne, pollutant, equipment","Healthcare/Medical, Objects",no,no,yes
16.eps,A white face mask with elastic straps and ventilation design for a secure fit.,"mask, face, protection, respirator, safety, health, hygiene, medical, breathing, filter, ventilation, elastic, strap, white, clean, protective, equipment, prevention, pollution, control, respirator, facepiece","Healthcare/Medical, Objects",no,no,yes
17.eps,"Delicate vector graphic illustration of a blue rose with lush green leaves, showcasing intricate floral design elements in a charming and elegant visual representation.","rose, blue, flower, leaves, green, illustration, graphic, design, floral, vector, bloom, beauty, art, decorative, petals, nature, elegant, charming, vibrant, botanical, watercolor, soft","Interiors, Nature",no,no,yes
18.eps,"Delicate blue roses with leaves are showcased in a beautiful vector graphic illustration, highlighting the intricate details and soft color palette of the floral design.","rose, flower, blue, illustration, vector, graphic, leaves, floral, design, nature, beauty, bloom, petal, soft, color, palette, delicate, elegant, botanical, watercolor, artistic","Interiors, Nature",no,no,yes
19.eps,Elegant gold frame with ornate details and gradient effect adds a touch of luxury to designs and presentations.,"gold, frame, elegant, luxury, ornate, vintage, decorative, border, design, gradient, illustration, vector, graphic, certificate, template, background, shiny, classic, ornamental, art","Vintage, Backgrounds/Textures",no,no,yes
20.eps,"White speech bubble containing multiple red hearts, representing love and affection in a digital vector graphic.","heart, love, red, speech, bubble, symbol, affection, emotion, graphic, illustration, vector, design, heartshape, valentine, romantic, icon, symbol, hearticon, heartdesign, loveicon","Signs/Symbols, Holidays",no,no,yes
21.eps,Simple red speech bubble vector illustration with a white border and tail on a transparent background.,"speech, bubble, red, illustration, vector, graphic, design, white, border, tail, transparent, background, communication, message, talk, chat, dialogue, conversation, text, comment","Backgrounds/Textures, Interiors",no,no,yes
22.eps,"A vector illustration of a pizza slice featuring pepperoni, mushrooms, tomatoes, and basil on a crispy crust.","pizza, slice, pepperoni, mushroom, tomato, basil, food, italian, cuisine, topping, crust, cheese, graphic, illustration, vector, design, meal, snack, savory","Food and Drink, Interiors",no,no,yes
23.eps,A bowl filled with white and orange eggs in a vector graphic illustration,"egg, bowl, orange, white, food, nutrition, breakfast, lunch, dinner, meal, plate, table, illustration, design, graphic, vector, eggshell, cooking, recipe, cuisine","Food and Drink, Interiors",no,no,yes
24.eps,"A vibrant vector illustration of a classic hamburger, featuring a toasted sesame seed bun, crunchy lettuce, juicy tomato, and melted cheese, carefully designed to represent a typical fast food meal.","hamburger, bun, sesame, seeds, lettuce, tomato, onion, cheese, fast, food, meal, sandwich, beef, burger, illustration, graphic, design, vector, colorful, foodie, snack, cuisine","Food and Drink, Vintage",no,no,yes
25.eps,"A fresh greek salad with vegetables, feta cheese, and olives in a square bowl, showcasing a healthy and delicious meal option in a vibrant vector graphic illustration.","salad, greek, vegetables, feta, cheese, olives, bowl, healthy, fresh, nutrition, food, meal, diet, lunch, dinner, cuisine, ingredient, culinary, gourmet, delicious, appetizing, illustration, graphic, design","Food and Drink, Interiors",no,no,yes
